{
    "IngredientsValues": {
        "Onion": -2.4199999999999995,
        "Tomato": -1.8300000000000005,
        "Turkey": -3.82,
        "Beef": -4.549999999999997,
        "Chicken": -2.4299999999999975,
        "Lettuce": -3.4499999999999997,
        "Dirt": -27.909999999999997,
        "Mayo": -2.279999999999998
    },
    "CondimentsValue": {
        "Mayo": 0,
        "Ketchup": 0,
        "Mustard": 0,
        "Hot Sauce": 0,
        "Sewage": 0
    },
    "Ingredients": [
        "Onion",
        "Tomato",
        "Turkey",
        "Beef",
        "Chicken",
        "Lettuce",
        "Dirt",
        "Mayo"
    ],
    "Condiments": [
        "Mayo",
        "Ketchup",
        "Mustard",
        "Hot Sauce",
        "Sewage"
    ]
}